{"created": 1633405351.396038, "duration": 0.5864322185516357, "exitcode": 0, "root": "C:\\Users\\forev\\PycharmProjects\\study\\CodeStates\\Section5\\ds-sc-53", "environment": {"Python": "3.8.10", "Platform": "Windows-10-10.0.19043-SP0", "Packages": {"pytest": "6.2.3", "py": "1.10.0", "pluggy": "0.13.1"}, "Plugins": {"json-report": "1.4.0", "metadata": "1.11.0", "mock": "3.5.1", "submit": "1.3.3", "timeout": "1.4.2"}}, "summary": {"passed": 7, "total": 7, "collected": 7}, "collectors": [{"nodeid": "", "outcome": "passed", "result": [{"nodeid": "tests/Part_1/__init__.py", "type": "Package"}, {"nodeid": "tests/Part_2/__init__.py", "type": "Package"}, {"nodeid": "tests/Part_3/__init__.py", "type": "Package"}]}, {"nodeid": "tests/Part_1/__init__.py", "outcome": "passed", "result": []}, {"nodeid": "tests/Part_1/Part_1.py", "outcome": "passed", "result": [{"nodeid": "tests/Part_1/Part_1.py::test_part1_return_correct_answer", "type": "Function", "lineno": 24}, {"nodeid": "tests/Part_1/Part_1.py::test_part1_use_sha256_method", "type": "Function", "lineno": 30}]}, {"nodeid": "tests/Part_1/__init__.py", "outcome": "passed", "result": [{"nodeid": "tests/Part_1/__init__.py", "type": "Module"}, {"nodeid": "tests/Part_1/Part_1.py", "type": "Module"}]}, {"nodeid": "tests/Part_2/__init__.py", "outcome": "passed", "result": []}, {"nodeid": "tests/Part_2/Part_2.py", "outcome": "passed", "result": [{"nodeid": "tests/Part_2/Part_2.py::test_part2_graph_algo", "type": "Function", "lineno": 11}]}, {"nodeid": "tests/Part_2/__init__.py", "outcome": "passed", "result": [{"nodeid": "tests/Part_2/__init__.py", "type": "Module"}, {"nodeid": "tests/Part_2/Part_2.py", "type": "Module"}]}, {"nodeid": "tests/Part_3/__init__.py", "outcome": "passed", "result": []}, {"nodeid": "tests/Part_3/Part_3.py", "outcome": "passed", "result": [{"nodeid": "tests/Part_3/Part_3.py::test_part3_fib_dont_use_recursion", "type": "Function", "lineno": 23}, {"nodeid": "tests/Part_3/Part_3.py::test_part3_fib_return_correct_answer", "type": "Function", "lineno": 30}, {"nodeid": "tests/Part_3/Part_3.py::test_part3_coin_exchange_dont_use_recursion", "type": "Function", "lineno": 37}, {"nodeid": "tests/Part_3/Part_3.py::test_part3_coin_exchange_return_correct_answer", "type": "Function", "lineno": 44}]}, {"nodeid": "tests/Part_3/__init__.py", "outcome": "passed", "result": [{"nodeid": "tests/Part_3/__init__.py", "type": "Module"}, {"nodeid": "tests/Part_3/Part_3.py", "type": "Module"}]}], "tests": [{"nodeid": "tests/Part_1/Part_1.py::test_part1_return_correct_answer", "lineno": 24, "outcome": "passed", "keywords": ["ds-sc-53", "test_part1_return_correct_answer", "tests/Part_1/__init__.py", "Part_1.py"], "setup": {"duration": 0.0032984000000000346, "outcome": "passed"}, "call": {"duration": 0.00023499999999998522, "outcome": "passed"}, "teardown": {"duration": 0.00024290000000004586, "outcome": "passed"}}, {"nodeid": "tests/Part_1/Part_1.py::test_part1_use_sha256_method", "lineno": 30, "outcome": "passed", "keywords": ["ds-sc-53", "Part_1.py", "tests/Part_1/__init__.py", "test_part1_use_sha256_method"], "setup": {"duration": 0.000259200000000015, "outcome": "passed"}, "call": {"duration": 0.0002575000000000216, "outcome": "passed"}, "teardown": {"duration": 0.00023039999999996397, "outcome": "passed"}}, {"nodeid": "tests/Part_2/Part_2.py::test_part2_graph_algo", "lineno": 11, "outcome": "passed", "keywords": ["ds-sc-53", "Part_2.py", "tests/Part_2/__init__.py", "test_part2_graph_algo"], "setup": {"duration": 0.0015771999999999453, "outcome": "passed"}, "call": {"duration": 0.00021260000000000723, "outcome": "passed"}, "teardown": {"duration": 0.00022160000000004398, "outcome": "passed"}}, {"nodeid": "tests/Part_3/Part_3.py::test_part3_fib_dont_use_recursion", "lineno": 23, "outcome": "passed", "keywords": ["ds-sc-53", "Part_3.py", "tests/Part_3/__init__.py", "test_part3_fib_dont_use_recursion"], "setup": {"duration": 0.001562699999999917, "outcome": "passed"}, "call": {"duration": 0.00021019999999993821, "outcome": "passed"}, "teardown": {"duration": 0.00021879999999996347, "outcome": "passed"}}, {"nodeid": "tests/Part_3/Part_3.py::test_part3_fib_return_correct_answer", "lineno": 30, "outcome": "passed", "keywords": ["ds-sc-53", "test_part3_fib_return_correct_answer", "Part_3.py", "tests/Part_3/__init__.py"], "setup": {"duration": 0.0002413999999999472, "outcome": "passed"}, "call": {"duration": 0.35168330000000003, "outcome": "passed"}, "teardown": {"duration": 0.0008605999999999892, "outcome": "passed"}}, {"nodeid": "tests/Part_3/Part_3.py::test_part3_coin_exchange_dont_use_recursion", "lineno": 37, "outcome": "passed", "keywords": ["ds-sc-53", "Part_3.py", "tests/Part_3/__init__.py", "test_part3_coin_exchange_dont_use_recursion"], "setup": {"duration": 0.0002630000000000132, "outcome": "passed"}, "call": {"duration": 0.00021999999999999797, "outcome": "passed"}, "teardown": {"duration": 0.00021890000000002185, "outcome": "passed"}}, {"nodeid": "tests/Part_3/Part_3.py::test_part3_coin_exchange_return_correct_answer", "lineno": 44, "outcome": "passed", "keywords": ["ds-sc-53", "Part_3.py", "tests/Part_3/__init__.py", "test_part3_coin_exchange_return_correct_answer"], "setup": {"duration": 0.00023789999999990208, "outcome": "passed"}, "call": {"duration": 0.1861873999999999, "outcome": "passed"}, "teardown": {"duration": 0.00027650000000001285, "outcome": "passed"}}]}