{"created": 1632706392.1053627, "duration": 0.05684781074523926, "exitcode": 0, "root": "C:\\Users\\forev\\PycharmProjects\\study\\CodeStates\\Section5\\ds-sc-52", "environment": {"Python": "3.8.10", "Platform": "Windows-10-10.0.19043-SP0", "Packages": {"pytest": "6.2.3", "py": "1.10.0", "pluggy": "0.13.1"}, "Plugins": {"json-report": "1.4.0", "metadata": "1.11.0", "mock": "3.5.1", "submit": "1.3.3", "timeout": "1.4.2"}}, "summary": {"passed": 11, "total": 11, "collected": 11}, "collectors": [{"nodeid": "", "outcome": "passed", "result": [{"nodeid": "tests/Part_1/__init__.py", "type": "Package"}, {"nodeid": "tests/Part_2/__init__.py", "type": "Package"}, {"nodeid": "tests/Part_3/__init__.py", "type": "Package"}]}, {"nodeid": "tests/Part_1/__init__.py", "outcome": "passed", "result": []}, {"nodeid": "tests/Part_1/Part_1.py", "outcome": "passed", "result": [{"nodeid": "tests/Part_1/Part_1.py::test_first_test", "type": "Function", "lineno": 9}, {"nodeid": "tests/Part_1/Part_1.py::test_second_test", "type": "Function", "lineno": 19}, {"nodeid": "tests/Part_1/Part_1.py::test_third_test", "type": "Function", "lineno": 29}, {"nodeid": "tests/Part_1/Part_1.py::test_b_sort", "type": "Function", "lineno": 39}]}, {"nodeid": "tests/Part_1/__init__.py", "outcome": "passed", "result": [{"nodeid": "tests/Part_1/__init__.py", "type": "Module"}, {"nodeid": "tests/Part_1/Part_1.py", "type": "Module"}]}, {"nodeid": "tests/Part_2/__init__.py", "outcome": "passed", "result": []}, {"nodeid": "tests/Part_2/Part_2.py", "outcome": "passed", "result": [{"nodeid": "tests/Part_2/Part_2.py::test_anagram", "type": "Function", "lineno": 22}, {"nodeid": "tests/Part_2/Part_2.py::test_anagram_time_complexity", "type": "Function", "lineno": 32}, {"nodeid": "tests/Part_2/Part_2.py::test_recursiveFun1_time_complexity", "type": "Function", "lineno": 41}, {"nodeid": "tests/Part_2/Part_2.py::test_recursiveFun2_time_complexity", "type": "Function", "lineno": 50}, {"nodeid": "tests/Part_2/Part_2.py::test_recursiveFun3_time_complexity", "type": "Function", "lineno": 59}]}, {"nodeid": "tests/Part_2/__init__.py", "outcome": "passed", "result": [{"nodeid": "tests/Part_2/__init__.py", "type": "Module"}, {"nodeid": "tests/Part_2/Part_2.py", "type": "Module"}]}, {"nodeid": "tests/Part_3/__init__.py", "outcome": "passed", "result": []}, {"nodeid": "tests/Part_3/Part_3.py", "outcome": "passed", "result": [{"nodeid": "tests/Part_3/Part_3.py::test_added_word_time_complexity", "type": "Function", "lineno": 10}, {"nodeid": "tests/Part_3/Part_3.py::test_added_words_working_normally", "type": "Function", "lineno": 19}]}, {"nodeid": "tests/Part_3/__init__.py", "outcome": "passed", "result": [{"nodeid": "tests/Part_3/__init__.py", "type": "Module"}, {"nodeid": "tests/Part_3/Part_3.py", "type": "Module"}]}], "tests": [{"nodeid": "tests/Part_1/Part_1.py::test_first_test", "lineno": 9, "outcome": "passed", "keywords": ["test_first_test", "ds-sc-52", "tests/Part_1/__init__.py", "Part_1.py"], "setup": {"duration": 0.0033191999999999666, "outcome": "passed"}, "call": {"duration": 0.0002334999999999976, "outcome": "passed"}, "teardown": {"duration": 0.0008036000000000154, "outcome": "passed"}}, {"nodeid": "tests/Part_1/Part_1.py::test_second_test", "lineno": 19, "outcome": "passed", "keywords": ["ds-sc-52", "Part_1.py", "test_second_test", "tests/Part_1/__init__.py"], "setup": {"duration": 0.00024580000000007374, "outcome": "passed"}, "call": {"duration": 0.0004775000000000196, "outcome": "passed", "stdout": "1 12\nNo\n"}, "teardown": {"duration": 0.000215200000000082, "outcome": "passed"}}, {"nodeid": "tests/Part_1/Part_1.py::test_third_test", "lineno": 29, "outcome": "passed", "keywords": ["Part_1.py", "ds-sc-52", "tests/Part_1/__init__.py", "test_third_test"], "setup": {"duration": 0.00023370000000000335, "outcome": "passed"}, "call": {"duration": 0.0006456000000000239, "outcome": "passed", "stdout": "\ud640\uc218\n\uc9dd\uc218\n\ud640\uc218\n\uc9dd\uc218\n\ud640\uc218\n\uc9dd\uc218\n\ud640\uc218\n\uc9dd\uc218\n\ud640\uc218\n"}, "teardown": {"duration": 0.00021280000000001298, "outcome": "passed"}}, {"nodeid": "tests/Part_1/Part_1.py::test_b_sort", "lineno": 39, "outcome": "passed", "keywords": ["ds-sc-52", "Part_1.py", "tests/Part_1/__init__.py", "test_b_sort"], "setup": {"duration": 0.0002452000000000565, "outcome": "passed"}, "call": {"duration": 0.00020839999999999748, "outcome": "passed"}, "teardown": {"duration": 0.00021280000000001298, "outcome": "passed"}}, {"nodeid": "tests/Part_2/Part_2.py::test_anagram", "lineno": 22, "outcome": "passed", "keywords": ["tests/Part_2/__init__.py", "ds-sc-52", "Part_2.py", "test_anagram"], "setup": {"duration": 0.0015418000000000376, "outcome": "passed"}, "call": {"duration": 0.00027209999999999734, "outcome": "passed"}, "teardown": {"duration": 0.00021310000000007712, "outcome": "passed"}}, {"nodeid": "tests/Part_2/Part_2.py::test_anagram_time_complexity", "lineno": 32, "outcome": "passed", "keywords": ["Part_2.py", "tests/Part_2/__init__.py", "ds-sc-52", "test_anagram_time_complexity"], "setup": {"duration": 0.0002375000000000016, "outcome": "passed"}, "call": {"duration": 0.00019599999999997397, "outcome": "passed"}, "teardown": {"duration": 0.00021249999999994884, "outcome": "passed"}}, {"nodeid": "tests/Part_2/Part_2.py::test_recursiveFun1_time_complexity", "lineno": 41, "outcome": "passed", "keywords": ["tests/Part_2/__init__.py", "ds-sc-52", "test_recursiveFun1_time_complexity", "Part_2.py"], "setup": {"duration": 0.00023340000000005023, "outcome": "passed"}, "call": {"duration": 0.00019570000000002086, "outcome": "passed"}, "teardown": {"duration": 0.00021380000000004173, "outcome": "passed"}}, {"nodeid": "tests/Part_2/Part_2.py::test_recursiveFun2_time_complexity", "lineno": 50, "outcome": "passed", "keywords": ["test_recursiveFun2_time_complexity", "ds-sc-52", "Part_2.py", "tests/Part_2/__init__.py"], "setup": {"duration": 0.00023200000000000998, "outcome": "passed"}, "call": {"duration": 0.0001938999999999691, "outcome": "passed"}, "teardown": {"duration": 0.00021329999999997185, "outcome": "passed"}}, {"nodeid": "tests/Part_2/Part_2.py::test_recursiveFun3_time_complexity", "lineno": 59, "outcome": "passed", "keywords": ["test_recursiveFun3_time_complexity", "ds-sc-52", "Part_2.py", "tests/Part_2/__init__.py"], "setup": {"duration": 0.0002362999999999671, "outcome": "passed"}, "call": {"duration": 0.00019530000000000936, "outcome": "passed"}, "teardown": {"duration": 0.00021320000000002448, "outcome": "passed"}}, {"nodeid": "tests/Part_3/Part_3.py::test_added_word_time_complexity", "lineno": 10, "outcome": "passed", "keywords": ["ds-sc-52", "Part_3.py", "test_added_word_time_complexity", "tests/Part_3/__init__.py"], "setup": {"duration": 0.0015106000000000286, "outcome": "passed"}, "call": {"duration": 0.00020120000000001248, "outcome": "passed"}, "teardown": {"duration": 0.00021210000000004836, "outcome": "passed"}}, {"nodeid": "tests/Part_3/Part_3.py::test_added_words_working_normally", "lineno": 19, "outcome": "passed", "keywords": ["ds-sc-52", "Part_3.py", "test_added_words_working_normally", "tests/Part_3/__init__.py"], "setup": {"duration": 0.00023329999999999185, "outcome": "passed"}, "call": {"duration": 0.00020370000000002886, "outcome": "passed"}, "teardown": {"duration": 0.00021169999999992584, "outcome": "passed"}}]}