{"created": 1631668627.0760567, "duration": 0.0937490463256836, "exitcode": 0, "root": "C:\\Users\\forev\\PycharmProjects\\study\\CodeStates\\Section5\\ds-sc-51", "environment": {"Python": "3.8.10", "Platform": "Windows-10-10.0.19043-SP0", "Packages": {"pytest": "6.2.3", "py": "1.10.0", "pluggy": "0.13.1"}, "Plugins": {"json-report": "1.4.0", "metadata": "1.11.0", "mock": "3.5.1", "submit": "1.3.3", "timeout": "1.4.2"}}, "summary": {"passed": 16, "total": 16, "collected": 16}, "collectors": [{"nodeid": "", "outcome": "passed", "result": [{"nodeid": "tests/Part_1/__init__.py", "type": "Package"}, {"nodeid": "tests/Part_2/__init__.py", "type": "Package"}, {"nodeid": "tests/Part_3/__init__.py", "type": "Package"}, {"nodeid": "tests/Part_4/__init__.py", "type": "Package"}]}, {"nodeid": "tests/Part_1/__init__.py", "outcome": "passed", "result": []}, {"nodeid": "tests/Part_1/Part_1.py", "outcome": "passed", "result": [{"nodeid": "tests/Part_1/Part_1.py::test_part1_quesion1", "type": "Function", "lineno": 14}, {"nodeid": "tests/Part_1/Part_1.py::test_part1_quesion2", "type": "Function", "lineno": 29}, {"nodeid": "tests/Part_1/Part_1.py::test_part1_quesion3", "type": "Function", "lineno": 45}, {"nodeid": "tests/Part_1/Part_1.py::test_part1_quesion4", "type": "Function", "lineno": 60}, {"nodeid": "tests/Part_1/Part_1.py::test_part1_quesion5", "type": "Function", "lineno": 75}, {"nodeid": "tests/Part_1/Part_1.py::test_part1_quesion6", "type": "Function", "lineno": 90}, {"nodeid": "tests/Part_1/Part_1.py::test_part1_quesion7", "type": "Function", "lineno": 105}, {"nodeid": "tests/Part_1/Part_1.py::test_part1_quesion8", "type": "Function", "lineno": 120}]}, {"nodeid": "tests/Part_1/__init__.py", "outcome": "passed", "result": [{"nodeid": "tests/Part_1/__init__.py", "type": "Module"}, {"nodeid": "tests/Part_1/Part_1.py", "type": "Module"}]}, {"nodeid": "tests/Part_2/__init__.py", "outcome": "passed", "result": []}, {"nodeid": "tests/Part_2/Part_2.py", "outcome": "passed", "result": [{"nodeid": "tests/Part_2/Part_2.py::test_quesion2_part2_1", "type": "Function", "lineno": 11}]}, {"nodeid": "tests/Part_2/__init__.py", "outcome": "passed", "result": [{"nodeid": "tests/Part_2/__init__.py", "type": "Module"}, {"nodeid": "tests/Part_2/Part_2.py", "type": "Module"}]}, {"nodeid": "tests/Part_3/__init__.py", "outcome": "passed", "result": []}, {"nodeid": "tests/Part_3/Part_3.py", "outcome": "passed", "result": [{"nodeid": "tests/Part_3/Part_3.py::test_part3_GroundVehicle", "type": "Function", "lineno": 3}, {"nodeid": "tests/Part_3/Part_3.py::test_part3_Motorcycle", "type": "Function", "lineno": 17}, {"nodeid": "tests/Part_3/Part_3.py::test_part3_print_methods", "type": "Function", "lineno": 35}]}, {"nodeid": "tests/Part_3/__init__.py", "outcome": "passed", "result": [{"nodeid": "tests/Part_3/__init__.py", "type": "Module"}, {"nodeid": "tests/Part_3/Part_3.py", "type": "Module"}]}, {"nodeid": "tests/Part_4/__init__.py", "outcome": "passed", "result": []}, {"nodeid": "tests/Part_4/Part_4.py", "outcome": "passed", "result": [{"nodeid": "tests/Part_4/Part_4.py::test_part4_run_normally1", "type": "Function", "lineno": 14}, {"nodeid": "tests/Part_4/Part_4.py::test_part4_run_normally2", "type": "Function", "lineno": 42}, {"nodeid": "tests/Part_4/Part_4.py::test_part4_run_normally3", "type": "Function", "lineno": 69}, {"nodeid": "tests/Part_4/Part_4.py::test_part4_statements", "type": "Function", "lineno": 97}]}, {"nodeid": "tests/Part_4/__init__.py", "outcome": "passed", "result": [{"nodeid": "tests/Part_4/__init__.py", "type": "Module"}, {"nodeid": "tests/Part_4/Part_4.py", "type": "Module"}]}], "tests": [{"nodeid": "tests/Part_1/Part_1.py::test_part1_quesion1", "lineno": 14, "outcome": "passed", "keywords": ["ds-sc-51", "tests/Part_1/__init__.py", "Part_1.py", "test_part1_quesion1"], "setup": {"duration": 0.0007527999999999979, "outcome": "passed"}, "call": {"duration": 0.0033212999999999715, "outcome": "passed", "stdout": "Starts with D:\n['Dolphine', 'David']\n"}, "teardown": {"duration": 0.00023729999999999585, "outcome": "passed"}}, {"nodeid": "tests/Part_1/Part_1.py::test_part1_quesion2", "lineno": 29, "outcome": "passed", "keywords": ["ds-sc-51", "tests/Part_1/__init__.py", "test_part1_quesion2", "Part_1.py"], "setup": {"duration": 0.0002049999999998997, "outcome": "passed"}, "call": {"duration": 0.0004686000000000412, "outcome": "passed", "stdout": "Ends with e:\n['Charlse', 'Dolphine']\n"}, "teardown": {"duration": 0.00020399999999998197, "outcome": "passed"}}, {"nodeid": "tests/Part_1/Part_1.py::test_part1_quesion3", "lineno": 45, "outcome": "passed", "keywords": ["test_part1_quesion3", "tests/Part_1/__init__.py", "Part_1.py", "ds-sc-51"], "setup": {"duration": 0.00020050000000004786, "outcome": "passed"}, "call": {"duration": 0.0004569999999999297, "outcome": "passed", "stdout": "Starts between C and G, inclusive:\n['Charlse', 'Dolphine', 'Eva', 'Frin', 'Gless', 'David']\n"}, "teardown": {"duration": 0.00020290000000000585, "outcome": "passed"}}, {"nodeid": "tests/Part_1/Part_1.py::test_part1_quesion4", "lineno": 60, "outcome": "passed", "keywords": ["ds-sc-51", "tests/Part_1/__init__.py", "Part_1.py", "test_part1_quesion4"], "setup": {"duration": 0.00021380000000004173, "outcome": "passed"}, "call": {"duration": 0.0004598000000000102, "outcome": "passed", "stdout": "Ages plus 10:\n[39, 42, 47, 40, 36, 28, 52, 22, 51, 41]\n"}, "teardown": {"duration": 0.00020889999999995634, "outcome": "passed"}}, {"nodeid": "tests/Part_1/Part_1.py::test_part1_quesion5", "lineno": 75, "outcome": "passed", "keywords": ["ds-sc-51", "tests/Part_1/__init__.py", "Part_1.py", "test_part1_quesion5"], "setup": {"duration": 0.00019959999999996647, "outcome": "passed"}, "call": {"duration": 0.00046200000000007346, "outcome": "passed", "stdout": "Name hyphen age:\n['Abi-29', 'Batista-32', 'Charlse-37', 'Dolphine-30', 'Eva-26', 'Frin-18', 'Gless-42', 'Harby-12', 'Iris-41', 'David-31']\n"}, "teardown": {"duration": 0.00020340000000007574, "outcome": "passed"}}, {"nodeid": "tests/Part_1/Part_1.py::test_part1_quesion6", "lineno": 90, "outcome": "passed", "keywords": ["test_part1_quesion6", "tests/Part_1/__init__.py", "Part_1.py", "ds-sc-51"], "setup": {"duration": 0.00020020000000009475, "outcome": "passed"}, "call": {"duration": 0.00045799999999995844, "outcome": "passed", "stdout": "Names and ages between 27 and 32:\n['Abi-29', 'Batista-32', 'Dolphine-30', 'David-31']\n"}, "teardown": {"duration": 0.00020580000000003373, "outcome": "passed"}}, {"nodeid": "tests/Part_1/Part_1.py::test_part1_quesion7", "lineno": 105, "outcome": "passed", "keywords": ["ds-sc-51", "tests/Part_1/__init__.py", "Part_1.py", "test_part1_quesion7"], "setup": {"duration": 0.00020319999999995897, "outcome": "passed"}, "call": {"duration": 0.00045930000000005133, "outcome": "passed", "stdout": "All names uppercase:\n[('ABI', 34), ('BATISTA', 37), ('CHARLSE', 42), ('DOLPHINE', 35), ('EVA', 31), ('FRIN', 23), ('GLESS', 47), ('HARBY', 17), ('IRIS', 46), ('DAVID', 36)]\n"}, "teardown": {"duration": 0.00020620000000004524, "outcome": "passed"}}, {"nodeid": "tests/Part_1/Part_1.py::test_part1_quesion8", "lineno": 120, "outcome": "passed", "keywords": ["tests/Part_1/__init__.py", "ds-sc-51", "test_part1_quesion8", "Part_1.py"], "setup": {"duration": 0.00019720000000000848, "outcome": "passed"}, "call": {"duration": 0.0004737000000000213, "outcome": "passed", "stdout": "Square root of ages:\n[5.39, 5.66, 6.08, 5.48, 5.1, 4.24, 6.48, 3.46, 6.4, 5.57]\n"}, "teardown": {"duration": 0.00021619999999999973, "outcome": "passed"}}, {"nodeid": "tests/Part_2/Part_2.py::test_quesion2_part2_1", "lineno": 11, "outcome": "passed", "keywords": ["ds-sc-51", "test_quesion2_part2_1", "Part_2.py", "tests/Part_2/__init__.py"], "setup": {"duration": 0.004569900000000016, "outcome": "passed"}, "call": {"duration": 0.00023240000000002148, "outcome": "passed"}, "teardown": {"duration": 0.00023319999999993346, "outcome": "passed"}}, {"nodeid": "tests/Part_3/Part_3.py::test_part3_GroundVehicle", "lineno": 3, "outcome": "passed", "keywords": ["ds-sc-51", "test_part3_GroundVehicle", "Part_3.py", "tests/Part_3/__init__.py"], "setup": {"duration": 0.0007074000000000247, "outcome": "passed"}, "call": {"duration": 0.001108300000000062, "outcome": "passed"}, "teardown": {"duration": 0.00020999999999993246, "outcome": "passed"}}, {"nodeid": "tests/Part_3/Part_3.py::test_part3_Motorcycle", "lineno": 17, "outcome": "passed", "keywords": ["test_part3_Motorcycle", "ds-sc-51", "Part_3.py", "tests/Part_3/__init__.py"], "setup": {"duration": 0.0002206999999999626, "outcome": "passed"}, "call": {"duration": 0.0002031000000000116, "outcome": "passed"}, "teardown": {"duration": 0.00020200000000003548, "outcome": "passed"}}, {"nodeid": "tests/Part_3/Part_3.py::test_part3_print_methods", "lineno": 35, "outcome": "passed", "keywords": ["ds-sc-51", "test_part3_print_methods", "Part_3.py", "tests/Part_3/__init__.py"], "setup": {"duration": 0.0014753000000000682, "outcome": "passed"}, "call": {"duration": 0.0016768000000000338, "outcome": "passed"}, "teardown": {"duration": 0.0013693000000000177, "outcome": "passed"}}, {"nodeid": "tests/Part_4/Part_4.py::test_part4_run_normally1", "lineno": 14, "outcome": "passed", "keywords": ["ds-sc-51", "tests/Part_4/__init__.py", "Part_4.py", "test_part4_run_normally1"], "setup": {"duration": 0.0019740999999999786, "outcome": "passed"}, "call": {"duration": 0.0028703999999999397, "outcome": "passed"}, "teardown": {"duration": 0.001365900000000031, "outcome": "passed"}}, {"nodeid": "tests/Part_4/Part_4.py::test_part4_run_normally2", "lineno": 42, "outcome": "passed", "keywords": ["ds-sc-51", "test_part4_run_normally2", "Part_4.py", "tests/Part_4/__init__.py"], "setup": {"duration": 0.001410699999999987, "outcome": "passed"}, "call": {"duration": 0.001958499999999974, "outcome": "passed"}, "teardown": {"duration": 0.0013119999999999798, "outcome": "passed"}}, {"nodeid": "tests/Part_4/Part_4.py::test_part4_run_normally3", "lineno": 69, "outcome": "passed", "keywords": ["ds-sc-51", "test_part4_run_normally3", "Part_4.py", "tests/Part_4/__init__.py"], "setup": {"duration": 0.0013601999999999226, "outcome": "passed"}, "call": {"duration": 0.0019378000000001006, "outcome": "passed"}, "teardown": {"duration": 0.0014311000000000185, "outcome": "passed"}}, {"nodeid": "tests/Part_4/Part_4.py::test_part4_statements", "lineno": 97, "outcome": "passed", "keywords": ["ds-sc-51", "test_part4_statements", "Part_4.py", "tests/Part_4/__init__.py"], "setup": {"duration": 0.00022110000000008512, "outcome": "passed"}, "call": {"duration": 0.00043850000000000833, "outcome": "passed"}, "teardown": {"duration": 0.00021530000000002936, "outcome": "passed"}}]}